,SCLL_012,SCLL_545,SCLL_546,SCLL_547,SCLL_548
cg00405069,0,0,0,0,0
cg00597687,1,1,1,1,2
cg00729875,1,1,2,2,2
cg01730064,1,1,1,1,1
cg01768082,2,2,2,2,2
cg01811796,1,1,1,1,1
cg01815720,0,0,0,0,1
cg01894875,1,1,1,1,1
cg01963297,1,1,1,1,1
cg02012159,1,1,1,1,0
cg02605776,1,1,2,2,1
cg02851558,2,2,2,2,2
cg03390245,0,0,0,0,0
cg03948781,0,0,0,0,0
cg04415780,2,2,2,2,1
cg04673462,2,2,2,2,2
cg04843111,0,0,1,1,1
cg04896168,1,1,1,1,1
cg05129477,1,1,1,1,1
cg05694621,0,0,0,0,0
cg05821046,2,2,2,2,2
cg05843457,2,2,2,2,2
cg06036677,0,0,0,0,0
cg06320401,1,1,1,1,1
cg06770735,1,1,1,1,1
cg06775570,2,2,2,2,2
cg06939851,2,2,1,1,1
cg07580762,2,1,1,1,1
cg07981328,2,2,2,2,2
cg08133631,2,2,1,1,1
cg08134856,1,1,1,1,1
cg08477332,2,2,2,2,2
cg08706567,0,0,0,0,0
cg08808724,1,1,1,1,1
cg09037777,1,1,1,1,1
cg09368716,1,1,1,1,1
cg09815769,1,1,1,1,1
cg09847153,2,2,2,2,2
cg10092377,1,1,2,2,2
cg10126324,0,0,0,0,0
cg10593400,0,0,0,0,0
cg10963061,2,2,2,2,2
cg12051614,2,2,2,2,2
cg12208770,2,1,1,1,1
cg12410921,2,2,2,1,2
cg12726839,1,1,1,2,1
cg13229857,1,1,1,1,1
cg13354934,1,1,1,1,2
cg13393721,0,0,0,0,0
cg13885623,1,1,1,1,1
cg13986762,1,1,1,1,2
cg14076729,0,0,1,1,1
cg14099468,1,1,1,1,1
cg14159672,1,1,1,1,1
cg14523898,2,2,1,1,1
cg14893161,1,1,1,1,1
cg15546227,1,1,1,1,1
cg15986668,2,2,2,2,2
cg16029875,0,0,0,0,0
cg16342298,1,1,1,1,1
cg16526047,1,1,1,1,1
cg16585234,1,1,1,1,1
cg17083209,1,1,1,1,1
cg17108141,0,0,0,0,0
cg17132079,1,1,1,1,1
cg17178900,1,1,1,1,1
cg17428085,0,0,0,0,0
cg17434008,1,1,1,1,1
cg17742781,1,1,1,1,0
cg17935233,2,2,2,2,2
cg18086868,2,2,2,2,2
cg18143535,0,0,1,1,1
cg18174678,0,0,0,0,0
cg18224942,0,0,0,1,0
cg18438591,0,0,0,0,0
cg18931815,1,1,1,1,1
cg19321979,0,0,1,1,0
cg19633205,1,2,2,2,1
cg20312132,1,1,1,1,1
cg20433858,0,0,0,0,0
cg20704450,0,0,0,0,0
cg21151355,1,1,1,1,1
cg21397540,0,0,1,1,1
cg21691116,1,1,1,1,1
cg22077361,2,2,2,2,2
cg22345063,1,1,1,1,0
cg22374525,2,2,2,2,1
cg22697853,1,1,1,1,1
cg22698629,1,1,1,1,1
cg22941637,2,2,1,1,1
cg23288755,2,2,2,2,1
cg23615892,1,1,1,1,1
cg23627354,0,0,0,0,0
cg23640929,2,2,1,1,1
cg23656015,2,2,2,2,2
cg24049468,1,1,1,1,1
cg24058386,0,0,0,0,0
cg24329783,1,1,1,1,1
cg24509168,0,0,0,0,1
cg24557048,2,2,2,2,1
cg24598973,1,1,1,1,1
cg24724587,0,0,1,1,1
cg24730688,2,2,2,2,2
cg24792360,2,1,1,1,2
cg24860534,2,2,2,2,2
cg24876897,2,2,2,2,1
cg25189904,1,1,1,1,1
cg25593625,1,1,1,1,0
cg26013992,1,1,1,1,1
cg26050734,2,2,2,2,2
cg26220594,0,0,0,0,1
cg26354017,1,1,1,1,1
cg26523099,0,0,1,1,1
cg26536593,1,1,1,1,1
cg26537280,1,1,1,1,1
cg26863172,2,2,2,2,2
cg00058515,0,0,0,0,0
cg00280895,2,2,2,2,2
cg00680696,1,1,1,1,0
cg00899350,2,2,2,2,1
cg00956987,1,1,1,1,0
cg01217071,0,0,0,0,0
cg01583753,1,1,1,1,1
cg01621716,2,2,1,1,2
cg01898867,1,1,1,1,1
cg01931792,2,2,2,2,2
cg02716646,0,0,1,1,0
cg03350299,1,1,1,1,1
cg03429644,1,1,1,1,1
cg03727500,1,1,1,1,1
cg03813688,0,0,0,0,1
cg03817727,1,1,1,1,1
cg04082016,0,0,0,0,0
cg04131969,0,0,0,0,0
cg05353292,0,0,0,0,0
cg05414442,1,1,1,1,0
cg05723825,1,1,1,1,1
cg05868531,1,1,1,1,1
cg06383022,1,1,1,1,1
cg08201735,1,1,1,1,1
cg08719380,1,1,1,1,0
cg08965143,1,1,1,1,1
cg10588622,2,1,1,2,2
cg10634136,1,1,1,1,1
cg10883069,1,1,1,1,1
cg11559198,1,1,1,1,1
cg11942181,0,0,1,1,0
cg13716566,1,1,1,1,1
cg14157435,2,2,2,2,2
cg14223654,2,2,2,2,2
cg14339650,2,2,2,2,1
cg14758072,1,1,1,1,2
cg14853772,1,1,1,1,1
cg15161959,1,1,1,1,1
cg15371801,1,1,1,1,1
cg15742848,0,0,0,0,0
cg18887096,1,1,2,2,0
cg19075252,1,1,2,2,1
cg19584871,1,1,1,1,1
cg20097593,1,1,1,1,1
cg20510474,1,1,1,1,1
cg21054919,2,2,2,2,2
cg21361856,2,2,2,2,2
cg21627775,2,2,1,1,0
cg22022881,2,2,2,2,1
cg22111694,0,0,0,0,0
cg22308949,1,1,1,1,2
cg22488717,0,1,1,0,0
cg23531340,2,2,2,2,2
cg24209528,1,1,1,1,1
cg24220031,0,0,1,1,0
cg24222817,1,0,0,0,0
cg24330386,1,1,2,2,1
cg24686644,1,1,1,1,1
cg24715680,2,2,2,2,2
cg24980657,1,1,1,1,2
cg25071744,0,0,1,1,2
cg25079915,1,1,1,1,0
cg25223285,0,0,0,0,1
cg25487775,0,0,0,0,0
cg25924274,2,2,1,1,1
cg26302230,2,2,2,2,2
cg26817877,2,2,2,2,2
cg26853787,1,1,1,1,0
cg26874229,2,2,1,2,1
cg27369013,1,1,1,1,1
cg27661104,0,0,0,0,0
cg27664689,2,2,2,2,1
cg00010946,0,0,1,1,2
cg00472710,2,2,2,2,2
cg01324343,1,1,1,1,0
cg02555923,1,1,1,1,1
cg03855994,2,2,2,2,1
cg04207166,2,2,2,2,1
cg04865442,0,0,0,1,0
cg06234584,0,1,1,1,1
cg06726820,0,0,0,0,0
cg08072716,2,2,1,1,2
cg09373148,2,2,2,2,2
cg11874323,1,1,1,1,1
cg13511885,1,1,1,1,0
cg14218447,0,0,0,0,0
cg14463292,0,0,1,1,0
cg15180789,1,1,1,1,1
cg15709065,2,2,2,2,1
cg16930811,2,2,2,2,1
cg17036624,2,2,2,2,1
cg17057719,1,2,2,2,1
cg17546649,0,0,0,0,0
cg17658717,2,2,2,2,2
cg18005180,2,2,1,1,1
cg18026197,0,0,0,0,0
cg20232291,0,0,0,0,0
cg20540428,0,0,0,0,0
cg20988073,0,0,0,0,0
cg21030598,1,1,2,2,2
cg22158068,2,2,2,2,1
cg24576535,0,0,0,0,0
cg24960291,1,1,1,1,1
cg27364650,1,1,1,1,1
cg00236919,0,0,0,0,1
cg01096266,1,1,0,0,1
cg01883540,2,2,2,2,2
cg02136252,1,1,1,1,1
cg02170478,0,0,1,1,0
cg02754929,1,1,0,0,0
cg03238216,2,2,2,2,2
cg03313172,2,2,2,2,1
cg03315557,1,1,1,1,1
cg03463411,1,1,1,1,1
cg06483432,1,1,1,1,1
cg06634862,1,1,1,1,1
cg08125755,0,0,1,1,1
cg08222618,2,2,2,2,2
cg08572214,1,1,2,2,0
cg08644045,1,1,1,1,1
cg09511421,2,2,1,1,1
cg09573795,0,0,1,1,2
cg10432947,1,1,1,1,1
cg11266682,0,0,1,1,0
cg11388320,1,1,1,1,1
cg11991617,1,1,1,1,1
cg12494515,2,2,2,2,2
cg12948920,1,1,1,1,1
cg13210763,0,0,0,0,0
cg14016257,1,1,1,1,1
cg15175162,2,2,2,2,1
cg17069313,1,1,2,2,1
cg17814781,1,1,1,1,1
cg23139982,1,1,2,2,1
cg23855319,1,1,1,1,1
cg24793722,1,1,1,1,1
cg25654705,0,0,0,0,0
cg25886683,2,2,2,2,2
cg25932599,1,1,1,1,1
cg27242132,1,1,1,1,1
cg00619978,2,2,2,2,2
cg01784614,1,2,2,2,2
cg01809941,2,2,1,1,1
cg02147194,2,2,2,2,2
cg02250764,1,1,1,1,1
cg04156016,2,2,2,2,2
cg05465935,1,1,1,1,1
cg05530317,0,0,1,0,1
cg06060754,1,1,1,1,1
cg06536614,1,1,1,1,1
cg06836380,0,0,1,1,1
cg06837426,1,1,1,1,1
cg07017875,0,1,1,1,1
cg07401067,2,2,2,2,2
cg07751793,1,1,1,1,1
cg07763376,1,1,1,1,1
cg08336234,1,1,1,1,1
cg08470180,1,1,1,1,0
cg09075844,0,0,1,1,0
cg09546802,1,1,1,1,1
cg09560636,0,0,1,1,0
cg11609571,1,1,1,1,1
cg11620475,1,1,1,1,1
cg11809091,1,1,2,2,2
cg12352302,1,1,1,1,1
cg12518844,1,1,1,1,1
cg12980795,0,0,1,1,0
cg13003311,2,2,2,1,2
cg14789272,2,2,2,2,1
cg14996985,1,1,1,1,1
cg15548198,0,0,0,0,0
cg15574301,0,0,1,1,0
cg16006841,1,1,1,1,1
cg16035780,1,1,1,1,1
cg16079430,1,1,1,1,1
cg16391973,1,1,1,1,1
cg16988194,2,1,2,2,2
cg17253517,1,1,1,1,1
cg17303540,1,1,1,1,1
cg17503389,2,2,2,2,1
cg17763019,1,1,1,1,2
cg18394854,1,1,1,1,1
cg18586823,2,2,2,2,2
cg18665594,1,1,1,1,2
cg19590578,1,1,1,1,1
cg19727817,0,0,0,0,1
cg20451680,0,0,1,1,0
cg22025206,1,1,1,2,2
cg22675956,1,1,1,1,1
cg23248424,0,0,0,0,0
cg23521468,2,2,1,1,1
cg23522872,1,1,1,1,1
cg25102726,1,1,1,1,1
cg25218470,1,1,1,1,0
cg25340688,1,1,1,1,1
cg26690304,0,0,0,0,0
cg26875852,1,1,1,1,1
cg26896946,1,1,1,1,1
cg27586797,0,0,0,0,0
cg00101728,1,1,1,1,2
cg00116315,0,0,1,1,1
cg00219626,1,1,1,1,0
cg00872984,2,2,2,2,2
cg00942918,1,1,1,1,1
cg01238672,1,1,1,1,1
cg01474544,0,0,0,0,0
cg01869058,1,1,1,1,1
cg01883195,2,2,2,2,2
cg02270332,0,0,0,0,0
cg02377690,0,0,0,0,0
cg02631126,1,1,1,1,1
cg03228974,0,0,1,1,1
cg03350138,1,1,2,2,1
cg04142955,0,0,0,0,0
cg04522432,0,0,0,0,0
cg04612667,2,2,2,1,1
cg04749507,0,0,0,0,0
cg04767753,1,1,1,1,1
cg05237015,1,1,1,1,1
cg05567646,1,1,1,1,0
cg06386482,1,1,0,0,0
cg06388363,0,0,1,1,0
cg06864789,1,1,1,1,1
cg07257824,1,1,1,1,0
cg07571531,1,1,1,1,1
cg07734926,1,1,1,1,2
cg07885132,1,1,1,1,2
cg08313539,1,1,1,1,2
cg08497487,2,1,1,1,1
cg08660295,2,2,2,2,2
cg08710841,1,1,1,1,1
cg09012858,1,1,1,1,0
cg09140531,1,1,1,1,1
cg09459982,2,2,2,2,1
cg09876447,1,1,1,1,2
cg10223234,1,1,1,1,1
cg11406274,0,0,0,0,0
cg11611580,2,1,1,1,1
cg11811828,1,1,1,1,1
cg12584458,1,1,1,1,1
cg12602851,0,0,0,0,0
cg12623302,1,1,1,1,1
cg12672189,1,1,1,1,1
cg13069441,0,0,1,1,0
cg13143120,2,2,1,1,1
cg13602274,0,0,1,1,1
cg14036627,1,1,1,1,1
cg14115346,1,1,2,2,1
cg14132236,2,2,1,1,0
cg14590011,0,0,0,0,0
cg14989243,2,2,2,2,1
cg15070894,0,0,0,0,0
cg15234946,2,2,2,2,2
cg15279541,0,0,0,0,0
cg15946590,0,0,0,0,0
cg16073143,1,1,0,0,0
cg16699385,1,1,1,1,1
cg16935061,2,2,2,2,1
cg17204113,0,0,0,0,0
cg17931227,1,1,1,1,1
cg17974424,2,2,2,2,2
cg18136963,0,1,1,1,0
cg18278486,1,1,1,1,1
cg18322025,1,1,1,1,1
cg18816397,1,1,1,2,1
cg19579217,1,1,1,1,1
cg20980321,1,1,1,1,0
cg21855021,0,0,0,0,0
cg22297966,0,0,1,1,1
cg23252259,0,0,0,0,0
cg23906067,2,2,2,2,1
cg25063707,1,1,1,1,1
cg25399239,1,1,1,1,1
cg25716013,1,1,2,2,1
cg26668675,1,1,1,1,1
cg26818629,1,1,1,1,1
cg26850117,1,1,1,1,1
cg26968378,1,1,1,1,1
cg27547543,1,1,1,1,1
cg00506049,2,2,2,2,2
cg01499522,2,2,2,2,2
cg01830073,2,2,1,1,1
cg02193461,1,1,1,1,1
cg02207386,0,0,2,2,1
cg02984009,1,1,1,1,1
cg03027739,1,1,1,1,1
cg03454541,1,1,2,2,1
cg03552937,0,0,0,0,0
cg04816699,0,0,0,0,1
cg05667818,2,2,2,2,2
cg05779406,2,2,2,2,1
cg05929675,1,1,1,1,2
cg06166490,2,2,2,2,2
cg06761584,1,1,1,1,1
cg06955417,2,2,2,2,2
cg09669835,1,1,1,1,0
cg09916174,0,0,0,0,0
cg10157098,2,2,2,2,2
cg11945929,1,1,1,1,0
cg12560447,2,2,2,2,2
cg13578160,1,1,2,2,2
cg13710556,1,1,1,1,1
cg14662585,2,2,2,2,2
cg15285764,1,1,1,1,2
cg15575538,2,2,2,2,2
cg15881597,2,2,2,2,2
cg15935721,0,0,1,1,1
cg16453056,2,2,2,2,1
cg17264513,1,1,1,1,1
cg18209323,1,1,1,1,1
cg18577231,1,1,1,1,1
cg19435720,1,1,2,2,1
cg20104432,0,0,0,0,0
cg20665157,2,2,2,2,2
cg21004899,2,2,2,2,2
cg21406967,1,1,1,1,1
cg21724654,0,0,1,1,1
cg22047901,0,0,1,1,1
cg22330875,0,0,0,0,1
cg22750906,2,2,2,2,1
cg23068772,1,1,1,1,0
cg23117316,0,0,0,0,0
cg23192873,0,0,0,0,0
cg23305129,1,1,1,1,1
cg25783361,2,2,2,2,2
cg26012061,2,2,2,2,2
cg26967842,1,1,1,1,2
cg27203184,0,0,1,1,0
cg00643296,1,1,1,1,0
cg01319235,2,1,2,2,1
cg01385052,0,1,1,1,1
cg02980621,2,2,2,2,2
cg03003919,1,1,1,1,1
cg03894796,0,0,1,0,0
cg04671734,0,0,1,1,1
cg04724477,0,0,1,1,0
cg04966191,0,0,0,0,0
cg05807444,1,1,2,2,2
cg06070970,1,1,1,1,1
cg08242633,0,1,1,1,1
cg08247852,1,1,1,1,1
cg09945801,0,0,0,0,0
cg09981361,1,1,1,1,0
cg10039928,2,2,2,2,1
cg10327428,2,2,2,2,2
cg11491002,2,2,2,2,2
cg11583762,1,1,2,2,2
cg13346869,1,1,1,1,1
cg18570392,1,1,1,1,0
cg19632760,1,1,1,2,1
cg19682134,1,1,1,1,1
cg19806221,1,1,1,1,0
cg20366110,0,0,0,0,1
cg20463151,2,2,2,1,2
cg20845050,0,0,0,0,0
cg21244580,0,0,0,0,0
cg21505509,1,1,1,1,1
cg23245289,1,1,1,1,1
cg24636969,2,2,2,2,2
cg26041569,0,0,0,0,0
cg27053337,1,1,1,1,1
cg00220243,1,1,1,1,1
cg01126560,0,0,1,1,2
cg03191962,2,2,1,1,1
cg03576809,1,1,1,1,1
cg04824555,1,1,1,1,2
cg07881032,1,1,1,1,0
cg13518232,1,1,1,1,1
cg13573611,1,1,1,1,1
cg13891189,1,1,1,1,1
cg14182974,1,1,1,1,2
cg19519624,0,0,0,0,0
cg21177396,0,1,1,1,0
cg21891967,1,1,1,1,1
cg00142642,1,1,1,1,1
cg00153041,1,1,2,2,2
cg00169964,1,1,1,1,1
cg00219169,0,0,0,0,0
cg00492979,0,0,0,0,0
cg02971322,1,1,1,1,1
cg03444077,2,2,2,2,2
cg04004590,0,0,0,0,0
cg04309849,0,1,1,1,2
cg06188367,2,2,2,2,2
cg06620993,1,1,1,1,0
cg06850159,1,1,1,1,1
cg07262395,2,2,2,2,2
cg09955645,0,0,0,0,0
cg10475928,2,2,2,2,2
cg11444332,1,1,1,1,2
cg12428160,1,1,1,1,1
cg12450708,2,2,2,2,2
cg12765123,0,0,0,0,0
cg12845268,2,2,2,2,2
cg13221347,1,1,1,1,1
cg14251734,0,0,1,0,0
cg15233961,1,1,1,1,1
cg16351002,1,0,0,0,0
cg16977735,0,0,0,0,0
cg18103548,1,1,1,1,1
cg20503657,1,1,0,0,0
cg21012874,2,2,2,2,1
cg22704845,0,0,0,0,0
cg23331156,0,0,0,0,0
cg24143137,1,1,1,1,1
cg24160569,0,0,0,0,1
cg24696332,0,0,0,0,0
cg00089550,0,0,1,1,0
cg00233420,0,0,0,0,0
cg00864171,0,0,0,0,0
cg01094687,1,1,1,0,0
cg01421380,2,2,2,2,2
cg01694451,2,2,2,2,1
cg01794156,0,0,0,0,0
cg03101664,1,1,1,1,1
cg03222066,1,1,1,1,1
cg03349769,0,0,1,0,0
cg03606954,2,2,2,2,2
cg04106006,0,0,1,0,0
cg04468568,1,1,1,1,1
cg04862679,2,2,2,2,2
cg05061471,2,2,2,2,2
cg05353869,1,1,1,1,1
cg05566455,0,0,1,1,1
cg06705930,1,1,2,2,2
cg06962549,1,1,1,1,2
cg06974175,1,1,1,1,1
cg07238401,2,2,2,2,2
cg07539927,1,1,1,0,0
cg07716408,2,2,2,2,1
cg07934552,1,1,1,1,1
cg08355456,0,0,0,0,0
cg08743050,1,1,1,1,1
cg10026995,2,2,1,1,1
cg10130811,1,1,1,1,1
cg10262710,1,1,1,1,1
cg10283695,0,0,0,0,0
cg10570158,1,1,1,1,2
cg10961484,2,2,2,2,1
cg11132272,2,2,2,2,1
cg11976911,0,0,0,0,0
cg12110980,1,1,1,1,1
cg12904004,1,1,1,1,2
cg14201467,0,0,0,0,0
cg14933468,1,1,1,1,1
cg15235707,1,1,1,1,1
cg15887846,1,1,1,1,1
cg17840408,0,0,0,0,0
cg18052274,0,0,1,1,0
cg19415743,0,0,0,0,0
cg19624354,1,1,1,1,1
cg20051530,2,2,1,1,1
cg20118840,2,2,2,2,1
cg21570702,2,2,2,2,1
cg23065768,2,2,2,2,2
cg23149852,2,2,2,2,1
cg23188684,0,0,0,0,0
cg24829292,0,0,1,0,1
cg24851651,1,1,1,1,1
cg24953078,1,1,1,1,1
cg25132257,1,1,2,2,1
cg25258098,0,0,0,0,0
cg25948180,0,0,0,0,0
cg26418434,0,0,1,1,1
cg00700412,2,2,2,2,2
cg01844176,0,0,1,1,0
cg03320170,0,0,1,1,1
cg03353445,1,1,1,1,0
cg03495030,0,0,0,0,0
cg03554925,2,2,2,2,1
cg04348558,2,2,2,2,2
cg05134054,1,1,1,1,1
cg05361406,0,0,0,0,0
cg06840837,1,1,1,1,1
cg06868955,1,1,2,2,1
cg07910460,0,0,0,0,1
cg08409225,0,0,0,0,0
cg08455772,1,2,2,2,2
cg08784247,1,1,1,1,2
cg08800396,1,1,1,1,0
cg09328283,2,2,2,2,2
cg09601159,1,1,1,1,1
cg10306450,1,1,1,1,1
cg10317314,0,0,0,0,0
cg10651121,1,1,1,1,1
cg10809165,1,1,1,1,1
cg11367159,0,0,1,1,0
cg12675583,1,1,2,2,2
cg13147090,1,1,1,1,1
cg14687298,0,0,0,0,0
cg15878909,2,2,2,2,1
cg15996769,0,0,0,0,0
cg16267202,2,2,2,2,2
cg16624888,2,2,2,2,2
cg17292337,0,0,0,0,0
cg17295489,2,2,2,2,1
cg17566325,0,0,0,0,0
cg17570948,0,0,0,0,0
cg19893439,0,0,0,0,0
cg20050828,2,2,2,2,2
cg20092036,1,1,1,1,0
cg20402783,0,0,0,0,0
cg21961771,0,0,1,1,0
cg22566355,2,2,2,2,1
cg23390920,0,0,1,1,1
cg23469448,2,2,2,2,2
cg23591611,1,1,1,1,1
cg24460369,1,1,1,1,1
cg25134647,2,2,2,2,2
cg25752163,2,2,2,2,2
cg26750617,1,1,1,1,1
cg00750481,0,0,0,0,0
cg03593908,1,0,1,1,1
cg03898952,2,2,2,2,2
cg06897282,1,1,1,1,2
cg07610777,1,1,2,2,1
cg07937631,2,2,2,2,2
cg07974719,1,1,1,1,1
cg08183074,2,2,2,2,1
cg09084477,0,0,0,0,0
cg09460553,1,1,1,1,1
cg12206359,2,2,2,2,2
cg12436019,0,0,0,0,0
cg13868001,1,1,1,1,1
cg16032841,2,2,2,2,2
cg19759502,1,1,1,1,1
cg20334079,2,2,2,2,2
cg21805940,0,0,0,0,0
cg22721998,1,1,1,1,1
cg22731513,2,2,1,1,1
cg25444002,0,0,0,0,0
cg25658983,0,0,0,0,0
cg01115857,2,2,2,2,1
cg01214012,0,0,0,0,0
cg04329125,2,2,2,2,2
cg04716394,1,1,1,1,1
cg05150608,1,1,1,1,1
cg05225684,2,2,2,2,1
cg06892679,2,2,2,2,2
cg07922154,1,1,1,1,0
cg08072202,1,1,1,1,1
cg09989251,2,2,2,2,1
cg10095084,0,0,1,1,1
cg10775991,0,0,1,1,0
cg11071193,1,1,1,1,1
cg13097993,2,2,2,2,2
cg13099429,1,1,1,1,1
cg14184890,1,1,1,1,0
cg18220816,2,2,2,2,2
cg18313317,1,1,1,1,1
cg18333511,2,2,2,2,1
cg18624544,1,1,1,1,0
cg18771300,1,1,1,1,1
cg22454744,1,1,1,1,1
cg23099211,0,0,0,0,0
cg23511824,1,1,1,1,2
cg24036523,0,0,1,1,1
cg26421140,1,1,1,1,1
cg00098799,1,1,1,1,0
cg00474218,2,2,2,2,2
cg02054724,2,2,2,2,2
cg03380198,1,1,1,1,1
cg03822622,1,1,1,1,2
cg03945400,0,0,0,0,1
cg06891458,1,1,1,1,1
cg07615383,1,1,1,0,1
cg07695058,1,1,1,1,1
cg08133919,1,1,1,1,1
cg08637403,0,0,0,0,0
cg10135717,1,1,1,1,1
cg12036633,0,0,0,0,0
cg12163955,0,0,0,0,1
cg12756504,1,1,1,1,1
cg13812291,1,1,1,1,1
cg16146501,1,1,1,1,1
cg16548362,0,0,0,0,0
cg17074431,1,1,1,1,1
cg17082938,1,1,1,1,0
cg17221584,0,0,0,0,0
cg18105749,1,1,1,1,1
cg19708986,2,2,2,2,1
cg20246113,2,2,2,2,1
cg20481312,2,2,2,2,2
cg23634401,1,1,1,1,0
cg24382249,0,0,0,0,0
cg24667603,2,2,2,2,2
cg24795825,2,2,2,2,2
cg25440893,1,1,1,1,1
cg25481157,0,0,0,0,0
cg25924688,0,0,0,0,0
cg25985504,1,1,1,1,1
cg26218577,1,1,1,1,0
cg26710563,1,1,1,1,1
cg00511475,2,1,2,2,1
cg00591660,2,2,2,2,1
cg00618711,1,1,1,1,1
cg00639984,0,0,1,1,0
cg00671386,0,0,1,1,0
cg01680674,2,2,2,2,2
cg02451853,1,1,1,1,1
cg02574464,2,2,2,2,2
cg02859934,0,0,1,1,0
cg02873098,1,1,1,1,1
cg03072681,1,1,1,1,1
cg03264209,1,1,1,1,1
cg04245248,1,1,1,1,2
cg04810063,0,0,0,0,0
cg05725404,0,0,0,0,0
cg05787209,2,2,2,2,2
cg06138239,2,2,2,2,2
cg06334495,1,1,1,1,1
cg06471402,0,0,1,0,0
cg06521653,2,2,2,2,2
cg06655190,1,1,1,1,0
cg07307142,0,0,0,0,0
cg08230268,1,1,1,1,1
cg08521396,1,1,1,1,1
cg08638180,1,1,1,1,1
cg09242293,1,1,2,2,1
cg09758204,1,1,1,1,1
cg09798061,1,1,1,1,1
cg10433128,1,1,1,1,1
cg16014085,1,1,1,1,1
cg16367168,1,1,1,1,0
cg17484472,2,2,2,1,1
cg20035459,1,1,1,1,1
cg24642468,2,2,2,2,1
cg26538942,2,2,2,2,1
cg26580413,1,1,2,1,2
cg27014354,2,2,2,2,1
cg27268835,1,2,1,1,1
cg00423030,0,0,0,0,0
cg00668150,0,0,0,0,0
cg01405107,0,0,1,1,0
cg01908551,2,2,2,2,1
cg01992590,1,1,1,1,1
cg02219949,0,0,0,0,1
cg02237906,1,1,1,1,1
cg02481789,0,0,0,0,0
cg02633371,0,0,0,0,0
cg02866639,1,1,2,1,1
cg03889540,1,1,1,1,0
cg04498014,0,0,0,0,0
cg05451094,0,0,1,1,1
cg05865011,1,1,1,1,0
cg06418907,1,1,1,1,1
cg06602723,1,1,1,1,2
cg06697425,1,1,1,1,1
cg07010633,1,1,1,1,1
cg07016075,0,0,1,1,1
cg07391831,1,1,1,1,1
cg08084655,1,1,1,1,1
cg08103988,0,0,0,0,0
cg08471713,0,0,0,0,0
cg08750459,0,0,0,0,0
cg09601923,1,1,1,1,1
cg09760387,1,1,1,1,1
cg09889948,0,0,1,1,1
cg09983216,1,1,1,1,1
cg10092265,1,0,1,1,0
cg10237252,2,2,2,2,2
cg10553748,1,1,1,1,0
cg10747531,0,0,1,1,0
cg10759591,1,1,1,1,0
cg11043990,2,2,2,2,1
cg11520030,0,0,0,0,0
cg11684897,1,1,1,1,1
cg11732492,2,2,2,1,1
cg12156887,1,1,1,1,1
cg12165772,1,1,2,2,1
cg12407791,1,1,1,1,1
cg12443604,1,1,1,1,1
cg12700283,0,0,0,0,0
cg12770741,2,2,2,2,2
cg13655803,2,2,1,1,1
cg13694343,1,1,1,1,0
cg13768055,1,1,1,1,1
cg13947929,1,1,1,1,1
cg14192542,2,2,2,2,1
cg14952312,1,1,1,1,1
cg15041662,1,1,1,1,2
cg15660077,0,0,1,1,1
cg16696476,1,1,1,1,0
cg16893174,1,1,1,1,1
cg17033854,1,1,1,1,2
cg17563271,2,2,2,2,2
cg17757575,1,1,1,1,1
cg18048405,2,2,2,2,2
cg18091275,0,0,1,1,1
cg19789473,1,1,1,1,1
cg19865134,1,1,1,1,1
cg20067780,1,1,1,1,0
cg20291162,1,1,1,1,2
cg20932150,1,1,1,1,1
cg21197958,1,1,1,1,1
cg21358336,0,0,0,0,0
cg22635541,2,2,2,2,2
cg23246911,0,0,1,0,0
cg24156181,1,1,1,1,1
cg24207009,0,0,0,0,0
cg24768135,1,1,1,1,1
cg25067162,0,0,0,0,0
cg26782881,1,1,1,1,0
cg00057722,1,1,1,1,1
cg02978168,1,1,1,1,1
cg05458220,2,2,2,2,2
cg05872758,1,1,1,1,0
cg06511678,1,1,1,1,1
cg10092257,0,0,1,1,1
cg13287964,0,0,0,0,0
cg18086635,0,0,0,0,0
cg19453250,0,0,0,0,0
cg21237861,0,0,0,0,1
cg21266975,1,1,1,1,1
cg24864576,0,0,0,0,0
cg00003818,0,0,0,0,0
cg00706441,1,2,1,1,1
cg01272599,1,1,1,1,1
cg01632288,1,1,1,1,1
cg02592403,1,1,1,1,1
cg03153360,2,2,2,2,1
cg03489492,2,2,1,1,1
cg03630273,0,0,0,0,0
cg03657045,2,1,2,2,2
cg04351156,2,2,1,1,1
cg04358463,0,0,2,2,2
cg04382643,2,2,2,2,1
cg05308639,0,0,1,1,1
cg05516285,2,1,2,2,1
cg05696092,0,0,0,0,0
cg06189175,2,2,2,2,2
cg06878361,0,0,1,1,2
cg06942742,0,0,1,1,0
cg07786254,1,1,1,1,0
cg08350509,2,2,2,2,2
cg09007470,1,1,2,2,1
cg09438457,1,1,1,1,1
cg10384482,1,1,1,1,1
cg10503234,1,1,1,1,1
cg10635122,0,0,1,1,1
cg10750464,1,1,2,2,2
cg11056604,0,0,0,0,0
cg11237948,0,0,0,0,0
cg11738485,1,1,1,1,1
cg11773468,1,1,1,1,1
cg12068280,0,0,0,0,0
cg12216477,1,1,1,1,1
cg12289045,1,1,1,1,0
cg13617776,0,0,0,0,0
cg14021871,1,1,1,1,1
cg14061069,1,1,1,1,1
cg14111332,0,0,1,1,0
cg14265502,0,0,1,1,1
cg14780446,1,0,1,1,1
cg14881601,0,0,0,0,0
cg14887613,2,2,2,2,2
cg15002904,2,1,1,1,1
cg15010352,1,1,1,1,1
cg15043935,1,1,1,1,2
cg15050529,2,2,1,1,1
cg15061569,2,2,2,2,2
cg15173319,0,0,1,1,0
cg15255455,1,1,1,1,1
cg15428479,1,1,1,1,1
cg15636087,1,1,1,1,2
cg15721243,1,1,1,1,1
cg16194588,1,1,1,1,1
cg16701007,2,2,1,1,1
cg17069873,2,2,2,2,2
cg17071417,1,1,1,1,1
cg17490089,1,1,2,2,2
cg17716663,2,2,2,2,1
cg17729891,2,2,1,1,1
cg17969123,1,1,1,1,0
cg18458353,2,2,2,2,2
cg18741372,1,1,1,1,1
cg18861015,0,0,1,1,0
cg19014858,0,0,0,0,0
cg19492423,2,2,2,2,2
cg19851487,1,1,1,1,0
cg19870717,1,1,1,1,1
cg19907366,2,2,1,1,1
cg20467412,0,0,0,0,0
cg20587168,2,2,2,2,2
cg21198638,1,1,1,1,1
cg21723184,2,2,2,2,2
cg22331349,1,1,1,1,1
cg22376864,2,2,2,2,2
cg22548353,0,0,0,0,1
cg22603450,2,2,2,2,1
cg23448153,1,1,1,1,0
cg23671699,2,2,2,2,1
cg23899408,1,1,1,1,1
cg24084706,1,1,1,1,1
cg24794228,1,1,1,2,1
cg25506915,1,1,1,1,1
cg25786696,1,1,1,1,1
cg26643967,1,1,1,1,1
cg26651782,2,2,2,2,2
cg26914865,1,1,1,1,1
cg26920327,2,2,2,2,2
cg27331471,0,0,1,1,1
cg27555894,0,0,0,0,0
cg00216901,1,1,2,2,1
cg00237512,1,1,1,1,1
cg01735357,1,1,1,1,1
cg02174884,1,1,1,1,1
cg02519263,0,0,1,1,1
cg02544614,1,1,1,1,1
cg03173827,1,1,1,1,1
cg03539340,2,2,2,2,1
cg04307107,1,1,1,1,1
cg05139523,2,2,2,2,2
cg05386230,0,0,1,1,0
cg05389922,1,1,2,1,2
cg08389814,2,2,2,2,1
cg08424491,1,1,1,1,1
cg09123507,1,1,1,1,1
cg09607548,0,0,1,1,1
cg09990613,0,0,1,1,1
cg10797197,0,0,0,0,0
cg11133732,1,1,1,1,2
cg11598935,1,1,2,2,1
cg12751644,0,0,0,0,1
cg13928427,2,2,2,2,1
cg17029694,2,2,2,2,1
cg17083925,1,1,2,2,1
cg18282375,1,1,1,1,1
cg19348676,0,0,0,0,0
cg20102019,2,1,1,1,1
cg20964064,1,1,1,1,1
cg22463915,1,1,1,1,1
cg23303369,1,1,2,2,1
cg24818238,1,2,1,1,1
cg01481690,2,2,2,2,2
cg08431893,1,1,1,1,1
cg09374293,1,1,2,2,2
cg09417038,1,1,1,1,1
cg11113589,2,2,1,1,1
cg16501323,2,2,2,2,1
cg17356252,2,2,2,2,1
cg25421566,0,0,0,0,1
cg00276389,1,1,1,1,1
cg00610021,1,1,1,1,1
cg01704580,1,1,1,1,1
cg03688400,1,1,1,1,0
cg06781532,1,1,1,1,1
cg06942979,1,1,1,1,1
cg06961233,1,1,1,1,2
cg07331806,0,0,0,0,0
cg07459594,1,1,2,2,2
cg08178168,2,2,2,2,2
cg09696535,0,0,0,1,0
cg11141652,1,1,1,1,1
cg15498409,0,0,0,0,0
cg16210088,1,1,2,2,2
cg18982625,2,2,2,2,1
cg20548231,1,1,1,1,2
cg21401457,1,1,1,1,1
cg24435209,1,1,1,2,1
cg25163076,1,1,1,1,1
cg26730347,1,1,1,1,2
